{"cameraMode":{"drawMode":0,"name":"Shaded","section":"Shading Mode"},"sceneLighting":true,"audioPlay":false,"sceneViewState":{"showFog":true,"showMaterialUpdate":false,"showSkybox":true,"showFlares":true,"showImageEffects":true,"showParticleSystems":true},"in2DMode":false,"pivot":{"x":58.00030517578125,"y":464.5045166015625,"z":162.58958435058595},"rotation":{"x":0.2913241386413574,"y":-0.6570268273353577,"z":0.30676761269569399,"w":0.6239861249923706},"size":497.88201904296877,"orthographic":false}