{"cameraMode":{"drawMode":0,"name":"Shaded","section":"Shading Mode"},"sceneLighting":true,"audioPlay":false,"sceneViewState":{"showFog":true,"showMaterialUpdate":false,"showSkybox":true,"showFlares":true,"showImageEffects":true,"showParticleSystems":true},"in2DMode":false,"pivot":{"x":397.3201904296875,"y":199.60345458984376,"z":2.7438600063323976},"rotation":{"x":0.0868307501077652,"y":-0.6637891530990601,"z":0.07801968604326248,"w":0.7387540340423584},"size":23.18541717529297,"orthographic":false}